
{
  "AWSEBDockerrunVersion": 2,
  "volumes": [
    {
      "name": "flask_vol",
      "host": {
        "sourcePath": "/flaskcode"
      }
    },
    {
      "name": "mysql_vol",
      "host": {
        "sourcePath": "/mysql"
      }
    },
    {
      "name": "mysql_data",
      "host": {
        "sourcePath": "/mysql/data"
      }
    },
    {
      "name": "mysql_init",
      "host": {
        "sourcePath": "/mysql/init"
      }
    }
  ],
  "containerDefinitions": [
    {
      "name": "mypyweb",
      "image": "489724165018.dkr.ecr.ap-northeast-1.amazonaws.com/pyweb:latest",
      "environment": [
        {
		
          "name": "FLASK_DEBUG",
          "value": 1
        },
        {
		
          "name": "FLASK_APP",
          "value": "simpleapp.py"
        }
      ],
	  "commands":["gunicorn","--bind","0.0.0.0:5000","--workers","4","simpleapp:myapp()"],
      "essential": true,
      "memory": 128,
      "portMappings": [
        {
          "hostPort": 5000,
          "containerPort": 5000
        }
      ],
      "links": [
        "flask-app"
      ],
      "mountPoints": [
        {
          "sourceVolume": "flask_vol",
          "containerPath": "/test",
          "readOnly": true
        }
      ]
    },
    {
      "name": "mynginx",
      "image": "489724165018.dkr.ecr.ap-northeast-1.amazonaws.com/nginx:latest",
      "essential": true,
      "memory": 128,
      "portMappings": [
        {
          "hostPort": 80,
          "containerPort": 80
        }
      ],
      "links": [
        "mypyweb"
      ]
    },
    {
      "name": "mymysql",
      "image": "489724165018.dkr.ecr.ap-northeast-1.amazonaws.com/mysql:latest",
      "essential": true,
      "memory": 128,
      "environment": [
        {
		
          "name": "MYSQL_DATABASE",
          "value": "mydb"
        },
        {
		
          "name": "MYSQL_ROOT_PASSWORD",
          "value": "mypass"
        }
      ],
      "portMappings": [
        {
          "hostPort": 3306,
          "containerPort": 3306
        }
      ],
	  "mountPoints": [
        {
          "sourceVolume": "mysql_vol",
          "containerPath": "/usr/share/nginx/html",
          "readOnly": true
        },
        {
          "sourceVolume": "mysql_data",
          "containerPath": "/var/lib/mysql",
          "readOnly": true
        },
        {
          "sourceVolume": "mysql_init",
          "containerPath": "/docker-entrypoint-initdb.d/:ro",
          "readOnly": true
        },
      ]
    }
  ]
}